category,filename,anomaly_score,raw_score,true_binary,zero_day
NORMAL,UVD-0001.txt,0.4125,0.0,NORMAL,False
NORMAL,UVD-0002.txt,0.4125,0.0,NORMAL,False
NORMAL,UVD-0003.txt,0.4125,0.0,NORMAL,False
NORMAL,UVD-0004.txt,0.986,0.2076,NORMAL,False
NORMAL,UVD-0005.txt,0.4125,0.0,NORMAL,False
NORMAL,UVD-0006.txt,0.4125,0.0,NORMAL,False
NORMAL,UVD-0007.txt,0.4125,0.0,NORMAL,False
NORMAL,UVD-0008.txt,0.4125,0.0,NORMAL,False
NORMAL,UVD-0009.txt,0.4125,0.0,NORMAL,False
NORMAL,UVD-0010.txt,0.4125,0.0,NORMAL,False
NORMAL,UVD-0011.txt,0.4125,0.0,NORMAL,False
NORMAL,UVD-0012.txt,0.4125,0.0,NORMAL,False
NORMAL,UVD-0013.txt,0.4125,0.0,NORMAL,False
NORMAL,UVD-0014.txt,0.5503,0.025,NORMAL,False
NORMAL,UVD-0015.txt,0.4125,0.0,NORMAL,False
NORMAL,UVD-0016.txt,0.8743,0.1032,NORMAL,False
NORMAL,UVD-0017.txt,0.4125,0.0,NORMAL,False
NORMAL,UVD-0018.txt,0.6886,0.0516,NORMAL,False
NORMAL,UVD-0019.txt,0.4125,0.0,NORMAL,False
NORMAL,UVD-0020.txt,0.4125,0.0,NORMAL,False
NORMAL,UVD-0021.txt,0.4125,0.0,NORMAL,False
NORMAL,UVD-0022.txt,0.4125,0.0,NORMAL,False
NORMAL,UVD-0023.txt,0.4125,0.0,NORMAL,False
NORMAL,UVD-0024.txt,0.4125,0.0,NORMAL,False
NORMAL,UVD-0025.txt,0.6876,0.0514,NORMAL,False
NORMAL,UVD-0026.txt,0.4125,0.0,NORMAL,False
NORMAL,UVD-0027.txt,0.4125,0.0,NORMAL,False
NORMAL,UVD-0028.txt,0.4125,0.0,NORMAL,False
NORMAL,UVD-0029.txt,0.7658,0.0692,NORMAL,False
NORMAL,UVD-0030.txt,0.4125,0.0,NORMAL,False
NORMAL,UVD-0031.txt,0.5797,0.0304,NORMAL,False
NORMAL,UVD-0032.txt,0.5832,0.031,NORMAL,False
NORMAL,UVD-0033.txt,0.4125,0.0,NORMAL,False
NORMAL,UVD-0034.txt,0.8216,0.0847,NORMAL,False
NORMAL,UVD-0035.txt,0.4125,0.0,NORMAL,False
NORMAL,UVD-0036.txt,0.5861,0.0316,NORMAL,False
NORMAL,UVD-0037.txt,0.4125,0.0,NORMAL,False
NORMAL,UVD-0038.txt,0.4125,0.0,NORMAL,False
NORMAL,UVD-0039.txt,0.4125,0.0,NORMAL,False
NORMAL,UVD-0040.txt,0.4125,0.0,NORMAL,False
NORMAL,UVD-0041.txt,0.5068,0.0171,NORMAL,False
NORMAL,UVD-0042.txt,0.4125,0.0,NORMAL,False
NORMAL,UVD-0043.txt,0.4125,0.0,NORMAL,False
NORMAL,UVD-0044.txt,0.4125,0.0,NORMAL,False
NORMAL,UVD-0045.txt,0.4125,0.0,NORMAL,False
NORMAL,UVD-0046.txt,0.4125,0.0,NORMAL,False
NORMAL,UVD-0047.txt,0.7554,0.0667,NORMAL,False
NORMAL,UVD-0048.txt,0.9971,0.2786,NORMAL,False
NORMAL,UVD-0049.txt,0.4125,0.0,NORMAL,False
NORMAL,UVD-0050.txt,0.4125,0.0,NORMAL,False
NORMAL,UVD-0051.txt,0.8662,0.1,NORMAL,False
NORMAL,UVD-0052.txt,0.4125,0.0,NORMAL,False
NORMAL,UVD-0053.txt,0.5331,0.0219,NORMAL,False
NORMAL,UVD-0054.txt,0.7924,0.0762,NORMAL,False
NORMAL,UVD-0055.txt,0.9026,0.1161,NORMAL,False
NORMAL,UVD-0056.txt,0.9699,0.1722,NORMAL,False
NORMAL,UVD-0057.txt,0.7554,0.0667,NORMAL,False
NORMAL,UVD-0058.txt,0.4125,0.0,NORMAL,False
NORMAL,UVD-0059.txt,0.4125,0.0,NORMAL,False
NORMAL,UVD-0060.txt,0.9314,0.1333,NORMAL,False
NORMAL,UVD-0061.txt,0.4125,0.0,NORMAL,False
NORMAL,UVD-0062.txt,0.4125,0.0,NORMAL,False
NORMAL,UVD-0063.txt,0.5563,0.0261,NORMAL,False
NORMAL,UVD-0064.txt,0.9804,0.192,NORMAL,False
NORMAL,UVD-0065.txt,0.5306,0.0214,NORMAL,False
NORMAL,UVD-0066.txt,0.727,0.06,NORMAL,False
NORMAL,UVD-0067.txt,0.9898,0.2218,NORMAL,False
NORMAL,UVD-0068.txt,0.9976,0.288,NORMAL,False
NORMAL,UVD-0069.txt,0.802,0.0789,NORMAL,False
NORMAL,UVD-0070.txt,0.4125,0.0,NORMAL,False
NORMAL,UVD-0071.txt,0.4125,0.0,NORMAL,False
NORMAL,UVD-0072.txt,0.4125,0.0,NORMAL,False
NORMAL,UVD-0073.txt,0.4125,0.0,NORMAL,False
NORMAL,UVD-0074.txt,0.4125,0.0,NORMAL,False
NORMAL,UVD-0075.txt,0.4125,0.0,NORMAL,False
NORMAL,UVD-0076.txt,0.4125,0.0,NORMAL,False
NORMAL,UVD-0077.txt,0.9986,0.312,NORMAL,False
NORMAL,UVD-0078.txt,0.5096,0.0176,NORMAL,False
NORMAL,UVD-0079.txt,0.9994,0.3464,NORMAL,False
NORMAL,UVD-0080.txt,0.9356,0.1364,NORMAL,False
NORMAL,UVD-0081.txt,0.4125,0.0,NORMAL,False
NORMAL,UVD-0082.txt,0.4125,0.0,NORMAL,False
NORMAL,UVD-0083.txt,0.4125,0.0,NORMAL,False
NORMAL,UVD-0084.txt,0.9516,0.15,NORMAL,False
NORMAL,UVD-0085.txt,0.5776,0.03,NORMAL,False
NORMAL,UVD-0086.txt,0.4125,0.0,NORMAL,False
NORMAL,UVD-0087.txt,0.9346,0.1356,NORMAL,False
NORMAL,UVD-0088.txt,0.9858,0.2069,NORMAL,False
NORMAL,UVD-0089.txt,0.9893,0.2196,NORMAL,False
NORMAL,UVD-0090.txt,0.9516,0.15,NORMAL,False
NORMAL,UVD-0091.txt,0.9314,0.1333,NORMAL,False
NORMAL,UVD-0092.txt,0.4125,0.0,NORMAL,False
NORMAL,UVD-0093.txt,0.4125,0.0,NORMAL,False
NORMAL,UVD-0094.txt,0.4125,0.0,NORMAL,False
NORMAL,UVD-0095.txt,0.4125,0.0,NORMAL,False
NORMAL,UVD-0096.txt,0.4125,0.0,NORMAL,False
NORMAL,UVD-0097.txt,0.4125,0.0,NORMAL,False
NORMAL,UVD-0098.txt,0.4125,0.0,NORMAL,False
NORMAL,UVD-0099.txt,0.9186,0.125,NORMAL,False
NORMAL,UVD-0100.txt,0.7315,0.061,NORMAL,False
NORMAL,UVD-0101.txt,0.4125,0.0,NORMAL,False
NORMAL,UVD-0102.txt,0.877,0.1043,NORMAL,False
NORMAL,UVD-0103.txt,0.4125,0.0,NORMAL,False
NORMAL,UVD-0104.txt,0.998,0.2954,NORMAL,False
NORMAL,UVD-0105.txt,0.9638,0.1636,NORMAL,False
NORMAL,UVD-0106.txt,0.4125,0.0,NORMAL,False
NORMAL,UVD-0107.txt,0.919,0.1252,NORMAL,False
NORMAL,UVD-0108.txt,0.9986,0.3129,NORMAL,False
NORMAL,UVD-0109.txt,0.4125,0.0,NORMAL,False
NORMAL,UVD-0110.txt,0.4125,0.0,NORMAL,False
NORMAL,UVD-0111.txt,0.5331,0.0219,NORMAL,False
NORMAL,UVD-0112.txt,1.0,0.48,NORMAL,False
NORMAL,UVD-0113.txt,0.4125,0.0,NORMAL,False
NORMAL,UVD-0114.txt,0.4125,0.0,NORMAL,False
NORMAL,UVD-0115.txt,0.4125,0.0,NORMAL,False
NORMAL,UVD-0116.txt,0.9591,0.1579,NORMAL,False
NORMAL,UVD-0117.txt,0.4125,0.0,NORMAL,False
NORMAL,UVD-0118.txt,0.4125,0.0,NORMAL,False
NORMAL,UVD-0119.txt,0.4125,0.0,NORMAL,False
NORMAL,UVD-0120.txt,0.4125,0.0,NORMAL,False
NORMAL,UVD-0121.txt,0.4125,0.0,NORMAL,False
NORMAL,UVD-0122.txt,0.9932,0.24,NORMAL,False
NORMAL,UVD-0123.txt,0.4125,0.0,NORMAL,False
NORMAL,UVD-0124.txt,0.4125,0.0,NORMAL,False
NORMAL,UVD-0125.txt,0.4125,0.0,NORMAL,False
NORMAL,UVD-0126.txt,0.9939,0.2455,NORMAL,False
NORMAL,UVD-0127.txt,0.4125,0.0,NORMAL,False
NORMAL,UVD-0128.txt,0.4125,0.0,NORMAL,False
NORMAL,UVD-0129.txt,0.4125,0.0,NORMAL,False
NORMAL,UVD-0130.txt,0.9596,0.1585,NORMAL,False
NORMAL,UVD-0131.txt,0.4125,0.0,NORMAL,False
NORMAL,UVD-0132.txt,0.9898,0.2218,NORMAL,False
NORMAL,UVD-0133.txt,0.9962,0.2663,NORMAL,False
NORMAL,UVD-0134.txt,0.4125,0.0,NORMAL,False
NORMAL,UVD-0135.txt,0.4125,0.0,NORMAL,False
NORMAL,UVD-0136.txt,0.9976,0.2869,NORMAL,False
NORMAL,UVD-0137.txt,0.4125,0.0,NORMAL,False
NORMAL,UVD-0138.txt,0.4125,0.0,NORMAL,False
NORMAL,UVD-0139.txt,0.4125,0.0,NORMAL,False
NORMAL,UVD-0140.txt,0.4125,0.0,NORMAL,False
NORMAL,UVD-0141.txt,0.4125,0.0,NORMAL,False
NORMAL,UVD-0142.txt,0.9725,0.1765,NORMAL,False
NORMAL,UVD-0143.txt,0.4125,0.0,NORMAL,False
NORMAL,UVD-0144.txt,0.4125,0.0,NORMAL,False
NORMAL,UVD-0145.txt,0.5112,0.0179,NORMAL,False
NORMAL,UVD-0146.txt,0.5112,0.0179,NORMAL,False
NORMAL,UVD-0147.txt,0.9945,0.25,NORMAL,False
NORMAL,UVD-0148.txt,0.4125,0.0,NORMAL,False
NORMAL,UVD-0149.txt,0.4125,0.0,NORMAL,False
NORMAL,UVD-0150.txt,0.4125,0.0,NORMAL,False
NORMAL,UVD-0151.txt,0.4125,0.0,NORMAL,False
NORMAL,UVD-0152.txt,0.4125,0.0,NORMAL,False
NORMAL,UVD-0153.txt,0.6578,0.0453,NORMAL,False
NORMAL,UVD-0154.txt,0.4125,0.0,NORMAL,False
NORMAL,UVD-0155.txt,0.4125,0.0,NORMAL,False
NORMAL,UVD-0156.txt,0.9996,0.3677,NORMAL,False
NORMAL,UVD-0157.txt,0.4125,0.0,NORMAL,False
NORMAL,UVD-0158.txt,0.9966,0.272,NORMAL,False
NORMAL,UVD-0159.txt,0.4125,0.0,NORMAL,False
NORMAL,UVD-0160.txt,0.9607,0.1598,NORMAL,False
NORMAL,UVD-0161.txt,0.6453,0.0429,NORMAL,False
NORMAL,UVD-0162.txt,0.4125,0.0,NORMAL,False
NORMAL,UVD-0163.txt,0.4125,0.0,NORMAL,False
NORMAL,UVD-0164.txt,0.5265,0.0207,NORMAL,False
NORMAL,UVD-0165.txt,0.8059,0.08,NORMAL,False
NORMAL,UVD-0166.txt,0.9621,0.1615,NORMAL,False
NORMAL,UVD-0167.txt,0.4125,0.0,NORMAL,False
NORMAL,UVD-0168.txt,0.5306,0.0214,NORMAL,False
NORMAL,UVD-0169.txt,0.9868,0.21,NORMAL,False
NORMAL,UVD-0170.txt,0.4125,0.0,NORMAL,False
NORMAL,UVD-0171.txt,0.4125,0.0,NORMAL,False
NORMAL,UVD-0172.txt,0.7554,0.0667,NORMAL,False
NORMAL,UVD-0173.txt,0.9594,0.1583,NORMAL,False
NORMAL,UVD-0174.txt,0.9874,0.2121,NORMAL,False
NORMAL,UVD-0175.txt,0.9938,0.2444,NORMAL,False
NORMAL,UVD-0176.txt,0.9932,0.24,NORMAL,False
NORMAL,UVD-0177.txt,0.9864,0.2087,NORMAL,False
NORMAL,UVD-0178.txt,0.9911,0.2281,NORMAL,False
NORMAL,UVD-0179.txt,0.9967,0.2736,NORMAL,False
NORMAL,UVD-0180.txt,0.9811,0.1937,NORMAL,False
NORMAL,UVD-0181.txt,0.9969,0.2757,NORMAL,False
NORMAL,UVD-0182.txt,0.9896,0.2211,NORMAL,False
NORMAL,UVD-0183.txt,0.9861,0.2077,NORMAL,False
NORMAL,UVD-0184.txt,0.888,0.1091,NORMAL,False
NORMAL,UVD-0185.txt,0.862,0.0984,NORMAL,False
NORMAL,UVD-0186.txt,0.7794,0.0727,NORMAL,False
NORMAL,UVD-0187.txt,0.9473,0.1459,NORMAL,False
NORMAL,UVD-0188.txt,0.4125,0.0,NORMAL,False
NORMAL,UVD-0189.txt,0.8452,0.0923,NORMAL,False
NORMAL,UVD-0190.txt,0.7015,0.0544,NORMAL,False
NORMAL,UVD-0191.txt,0.9809,0.1932,NORMAL,False
NORMAL,UVD-0192.txt,0.9873,0.212,NORMAL,False
NORMAL,UVD-0193.txt,0.9861,0.2077,NORMAL,False
NORMAL,UVD-0194.txt,1.0,0.5512,NORMAL,False
NORMAL,UVD-0195.txt,0.9896,0.2211,NORMAL,False
NORMAL,UVD-0196.txt,0.9945,0.2496,NORMAL,False
NORMAL,UVD-0197.txt,0.9694,0.1714,NORMAL,False
NORMAL,UVD-0198.txt,0.9926,0.2364,NORMAL,False
NORMAL,UVD-0199.txt,0.9765,0.1836,NORMAL,False
NORMAL,UVD-0200.txt,0.9781,0.1869,NORMAL,False
Adduser,UAD-Adduser-10-1371.txt,0.4125,0.0,ATTACK,False
Adduser,UAD-Adduser-10-1613.txt,0.9998,0.4068,ATTACK,False
Adduser,UAD-Adduser-10-2311.txt,0.9835,0.2,ATTACK,False
Adduser,UAD-Adduser-10-2462.txt,0.4125,0.0,ATTACK,False
Adduser,UAD-Adduser-10-2783.txt,0.4125,0.0,ATTACK,False
Adduser,UAD-Adduser-10-=1.txt,0.9999,0.4286,ATTACK,False
Adduser,UAD-Adduser-1-1371.txt,0.4125,0.0,ATTACK,False
Adduser,UAD-Adduser-1-1613.txt,0.9997,0.3871,ATTACK,False
Adduser,UAD-Adduser-1-2311.txt,0.9858,0.2069,ATTACK,False
Adduser,UAD-Adduser-1-2377.txt,0.6619,0.0462,ATTACK,False
Adduser,UAD-Adduser-1-2462.txt,0.4125,0.0,ATTACK,False
Adduser,UAD-Adduser-1-2783.txt,0.4125,0.0,ATTACK,False
Adduser,UAD-Adduser-1-=1.txt,0.9999,0.4286,ATTACK,False
Adduser,UAD-Adduser-2-1371.txt,0.4125,0.0,ATTACK,False
Adduser,UAD-Adduser-2-1613.txt,0.9995,0.3559,ATTACK,False
Adduser,UAD-Adduser-2-18548.txt,0.4125,0.0,ATTACK,False
Adduser,UAD-Adduser-2-2311.txt,0.9908,0.2263,ATTACK,False
Adduser,UAD-Adduser-2-2377.txt,0.6619,0.0462,ATTACK,False
Adduser,UAD-Adduser-2-2462.txt,0.4125,0.0,ATTACK,False
Adduser,UAD-Adduser-2-2783.txt,0.4125,0.0,ATTACK,False
Adduser,UAD-Adduser-2-=1.txt,0.9999,0.4286,ATTACK,False
Adduser,UAD-Adduser-3-1371.txt,0.4125,0.0,ATTACK,False
Adduser,UAD-Adduser-3-1613.txt,0.9993,0.3429,ATTACK,False
Adduser,UAD-Adduser-3-18618.txt,0.4125,0.0,ATTACK,False
Adduser,UAD-Adduser-3-2311.txt,0.9808,0.1929,ATTACK,False
Adduser,UAD-Adduser-3-2377.txt,0.6619,0.0462,ATTACK,False
Adduser,UAD-Adduser-3-2462.txt,0.4125,0.0,ATTACK,False
Adduser,UAD-Adduser-3-2783.txt,0.4125,0.0,ATTACK,False
Adduser,UAD-Adduser-3-=1.txt,0.9999,0.4286,ATTACK,False
Adduser,UAD-Adduser-4-1371.txt,0.4125,0.0,ATTACK,False
Adduser,UAD-Adduser-4-1613.txt,0.9997,0.3871,ATTACK,False
Adduser,UAD-Adduser-4-2311.txt,0.9835,0.2,ATTACK,False
Adduser,UAD-Adduser-4-2377.txt,0.727,0.06,ATTACK,False
Adduser,UAD-Adduser-4-2462.txt,0.4125,0.0,ATTACK,False
Adduser,UAD-Adduser-4-2783.txt,0.4125,0.0,ATTACK,False
Adduser,UAD-Adduser-4-=1.txt,0.9999,0.4286,ATTACK,False
Adduser,UAD-Adduser-5-1371.txt,0.4125,0.0,ATTACK,False
Adduser,UAD-Adduser-5-1613.txt,0.9995,0.3563,ATTACK,False
Adduser,UAD-Adduser-5-18714.txt,0.4125,0.0,ATTACK,False
Adduser,UAD-Adduser-5-2311.txt,0.9695,0.1716,ATTACK,False
Adduser,UAD-Adduser-5-2377.txt,0.727,0.06,ATTACK,False
Adduser,UAD-Adduser-5-2462.txt,0.4125,0.0,ATTACK,False
Adduser,UAD-Adduser-5-2783.txt,0.4125,0.0,ATTACK,False
Adduser,UAD-Adduser-5-961.txt,0.9976,0.2864,ATTACK,False
Adduser,UAD-Adduser-5-=1.txt,0.9999,0.4286,ATTACK,False
Adduser,UAD-Adduser-5-=5738.txt,0.9999,0.4325,ATTACK,False
Adduser,UAD-Adduser-6-1371.txt,0.4125,0.0,ATTACK,False
Adduser,UAD-Adduser-6-1613.txt,0.9998,0.3931,ATTACK,False
Adduser,UAD-Adduser-6-18759.txt,0.4125,0.0,ATTACK,False
Adduser,UAD-Adduser-6-2311.txt,0.96,0.1589,ATTACK,False
Adduser,UAD-Adduser-6-2462.txt,0.4125,0.0,ATTACK,False
Adduser,UAD-Adduser-6-2783.txt,0.4125,0.0,ATTACK,False
Adduser,UAD-Adduser-6-961.txt,0.9997,0.3829,ATTACK,False
Adduser,UAD-Adduser-6-=1.txt,0.9999,0.4286,ATTACK,False
Adduser,UAD-Adduser-7-1371.txt,0.4125,0.0,ATTACK,False
Adduser,UAD-Adduser-7-1613.txt,0.9996,0.3701,ATTACK,False
Adduser,UAD-Adduser-7-18802.txt,0.4125,0.0,ATTACK,False
Adduser,UAD-Adduser-7-2311.txt,0.9721,0.1757,ATTACK,False
Adduser,UAD-Adduser-7-2462.txt,0.4125,0.0,ATTACK,False
Adduser,UAD-Adduser-7-2783.txt,0.4125,0.0,ATTACK,False
Adduser,UAD-Adduser-7-961.txt,0.9971,0.2789,ATTACK,False
Adduser,UAD-Adduser-7-=1.txt,0.9999,0.4286,ATTACK,False
Adduser,UAD-Adduser-8-1371.txt,0.4125,0.0,ATTACK,False
Adduser,UAD-Adduser-8-1613.txt,0.9996,0.3639,ATTACK,False
Adduser,UAD-Adduser-8-18868.txt,0.4125,0.0,ATTACK,False
Adduser,UAD-Adduser-8-2311.txt,0.9694,0.1714,ATTACK,False
Adduser,UAD-Adduser-8-2462.txt,0.4125,0.0,ATTACK,False
Adduser,UAD-Adduser-8-2783.txt,0.4125,0.0,ATTACK,False
Adduser,UAD-Adduser-8-=1.txt,0.9999,0.4286,ATTACK,False
Adduser,UAD-Adduser-9-1371.txt,0.4125,0.0,ATTACK,False
Adduser,UAD-Adduser-9-17612.txt,0.9999,0.4286,ATTACK,False
Adduser,UAD-Adduser-9-17614.txt,0.5448,0.024,ATTACK,False
Adduser,UAD-Adduser-9-17617.txt,0.727,0.06,ATTACK,False
Adduser,UAD-Adduser-9-17622.txt,0.4125,0.0,ATTACK,False
Adduser,UAD-Adduser-9-17626.txt,0.9807,0.1927,ATTACK,False
Adduser,UAD-Adduser-9-17627.txt,0.9987,0.3141,ATTACK,False
Adduser,UAD-Adduser-9-17629.txt,0.9898,0.2218,ATTACK,False
Adduser,UAD-Adduser-9-17636.txt,0.9998,0.4,ATTACK,False
Adduser,UAD-Adduser-9-18903.txt,0.9984,0.3055,ATTACK,False
Adduser,UAD-Adduser-9-18907.txt,0.9997,0.3885,ATTACK,False
Adduser,UAD-Adduser-9-18911.txt,0.4125,0.0,ATTACK,False
Adduser,UAD-Adduser-9-18939.txt,0.4125,0.0,ATTACK,False
Adduser,UAD-Adduser-9-18999.txt,0.4125,0.0,ATTACK,False
Adduser,UAD-Adduser-9-2224.txt,0.8836,0.1071,ATTACK,False
Adduser,UAD-Adduser-9-2257.txt,0.4712,0.0107,ATTACK,False
Adduser,UAD-Adduser-9-2277.txt,0.4125,0.0,ATTACK,False
Adduser,UAD-Adduser-9-2311.txt,0.9314,0.1333,ATTACK,False
Adduser,UAD-Adduser-9-2462.txt,0.4125,0.0,ATTACK,False
Adduser,UAD-Adduser-9-2783.txt,0.4125,0.0,ATTACK,False
Adduser,UAD-Adduser-9-961.txt,0.9999,0.4515,ATTACK,False
Adduser,UAD-Adduser-9-=1.txt,0.9999,0.4286,ATTACK,False
Hydra_FTP,UAD-Hydra-FTP-10-13541.txt,0.9985,0.3075,ATTACK,False
Hydra_FTP,UAD-Hydra-FTP-10-1371.txt,0.4125,0.0,ATTACK,False
Hydra_FTP,UAD-Hydra-FTP-10-1442.txt,0.9899,0.2222,ATTACK,False
Hydra_FTP,UAD-Hydra-FTP-10-15866.txt,0.4125,0.0,ATTACK,False
Hydra_FTP,UAD-Hydra-FTP-10-15879.txt,0.9985,0.3082,ATTACK,False
Hydra_FTP,UAD-Hydra-FTP-10-15910.txt,0.9065,0.1182,ATTACK,False
Hydra_FTP,UAD-Hydra-FTP-10-15933.txt,0.9434,0.1425,ATTACK,False
Hydra_FTP,UAD-Hydra-FTP-10-1613.txt,0.9998,0.4,ATTACK,False
Hydra_FTP,UAD-Hydra-FTP-10-2311.txt,0.9835,0.2,ATTACK,False
Hydra_FTP,UAD-Hydra-FTP-10-2462.txt,0.4125,0.0,ATTACK,False
Hydra_FTP,UAD-Hydra-FTP-10-2783.txt,0.4125,0.0,ATTACK,False
Hydra_FTP,UAD-Hydra-FTP-10-3523.txt,0.9999,0.4452,ATTACK,False
Hydra_FTP,UAD-Hydra-FTP-10-3524.txt,0.9997,0.3765,ATTACK,False
Hydra_FTP,UAD-Hydra-FTP-1-1371.txt,0.4125,0.0,ATTACK,False
Hydra_FTP,UAD-Hydra-FTP-1-1442.txt,0.9895,0.2205,ATTACK,False
Hydra_FTP,UAD-Hydra-FTP-1-1613.txt,0.9987,0.3135,ATTACK,False
Hydra_FTP,UAD-Hydra-FTP-1-2311.txt,0.9799,0.1909,ATTACK,False
Hydra_FTP,UAD-Hydra-FTP-1-2462.txt,0.4125,0.0,ATTACK,False
Hydra_FTP,UAD-Hydra-FTP-1-2783.txt,0.4125,0.0,ATTACK,False
Hydra_FTP,UAD-Hydra-FTP-1-3523.txt,0.9977,0.2893,ATTACK,False
Hydra_FTP,UAD-Hydra-FTP-1-3524.txt,0.9997,0.3798,ATTACK,False
Hydra_FTP,UAD-Hydra-FTP-1-8990.txt,0.994,0.246,ATTACK,False
Hydra_FTP,UAD-Hydra-FTP-1-9044.txt,0.4703,0.0106,ATTACK,False
Hydra_FTP,UAD-Hydra-FTP-1-9178.txt,0.9147,0.1227,ATTACK,False
Hydra_FTP,UAD-Hydra-FTP-1-9186.txt,0.888,0.1091,ATTACK,False
Hydra_FTP,UAD-Hydra-FTP-2-1371.txt,0.4125,0.0,ATTACK,False
Hydra_FTP,UAD-Hydra-FTP-2-1442.txt,0.9935,0.2422,ATTACK,False
Hydra_FTP,UAD-Hydra-FTP-2-1613.txt,0.9994,0.3479,ATTACK,False
Hydra_FTP,UAD-Hydra-FTP-2-2311.txt,0.9905,0.225,ATTACK,False
Hydra_FTP,UAD-Hydra-FTP-2-2462.txt,0.4125,0.0,ATTACK,False
Hydra_FTP,UAD-Hydra-FTP-2-2783.txt,0.4125,0.0,ATTACK,False
Hydra_FTP,UAD-Hydra-FTP-2-3523.txt,0.9998,0.4,ATTACK,False
Hydra_FTP,UAD-Hydra-FTP-2-3524.txt,0.9996,0.3724,ATTACK,False
Hydra_FTP,UAD-Hydra-FTP-2-9300.txt,0.9676,0.1687,ATTACK,False
Hydra_FTP,UAD-Hydra-FTP-2-9310.txt,0.4125,0.0,ATTACK,False
Hydra_FTP,UAD-Hydra-FTP-2-9374.txt,0.5066,0.0171,ATTACK,False
Hydra_FTP,UAD-Hydra-FTP-2-9400.txt,0.6898,0.0519,ATTACK,False
Hydra_FTP,UAD-Hydra-FTP-2-9402.txt,0.5066,0.0171,ATTACK,False
Hydra_FTP,UAD-Hydra-FTP-2-9454.txt,0.9996,0.3704,ATTACK,False
Hydra_FTP,UAD-Hydra-FTP-2-9476.txt,0.5066,0.0171,ATTACK,False
Hydra_FTP,UAD-Hydra-FTP-2-9506.txt,0.9875,0.2126,ATTACK,False
Hydra_FTP,UAD-Hydra-FTP-2-9637.txt,0.9983,0.303,ATTACK,False
Hydra_FTP,UAD-Hydra-FTP-3-10487.txt,0.7658,0.0692,ATTACK,False
Hydra_FTP,UAD-Hydra-FTP-3-10640.txt,0.9914,0.2297,ATTACK,False
Hydra_FTP,UAD-Hydra-FTP-3-10746.txt,0.998,0.2964,ATTACK,False
Hydra_FTP,UAD-Hydra-FTP-3-10800.txt,0.9683,0.1699,ATTACK,False
Hydra_FTP,UAD-Hydra-FTP-3-10824.txt,0.976,0.1827,ATTACK,False
Hydra_FTP,UAD-Hydra-FTP-3-10829.txt,0.6314,0.0401,ATTACK,False
Hydra_FTP,UAD-Hydra-FTP-3-11010.txt,0.4125,0.0,ATTACK,False
Hydra_FTP,UAD-Hydra-FTP-3-1371.txt,0.4125,0.0,ATTACK,False
Hydra_FTP,UAD-Hydra-FTP-3-1442.txt,0.9916,0.2308,ATTACK,False
Hydra_FTP,UAD-Hydra-FTP-3-1613.txt,0.9992,0.3394,ATTACK,False
Hydra_FTP,UAD-Hydra-FTP-3-2311.txt,0.9902,0.2236,ATTACK,False
Hydra_FTP,UAD-Hydra-FTP-3-2462.txt,0.4125,0.0,ATTACK,False
Hydra_FTP,UAD-Hydra-FTP-3-2783.txt,0.4125,0.0,ATTACK,False
Hydra_FTP,UAD-Hydra-FTP-3-3523.txt,0.9998,0.3957,ATTACK,False
Hydra_FTP,UAD-Hydra-FTP-3-3524.txt,0.999,0.3273,ATTACK,False
Hydra_FTP,UAD-Hydra-FTP-3-3754.txt,0.5628,0.0273,ATTACK,False
Hydra_FTP,UAD-Hydra-FTP-3-3761.txt,0.5265,0.0207,ATTACK,False
Hydra_FTP,UAD-Hydra-FTP-3-8978.txt,0.9989,0.3214,ATTACK,False
Hydra_FTP,UAD-Hydra-FTP-3-9300.txt,0.9904,0.2245,ATTACK,False
Hydra_FTP,UAD-Hydra-FTP-3-961.txt,0.9965,0.2704,ATTACK,False
Hydra_FTP,UAD-Hydra-FTP-4-11173.txt,0.9997,0.3774,ATTACK,False
Hydra_FTP,UAD-Hydra-FTP-4-11184.txt,0.4125,0.0,ATTACK,False
Hydra_FTP,UAD-Hydra-FTP-4-11254.txt,0.992,0.2329,ATTACK,False
Hydra_FTP,UAD-Hydra-FTP-4-11258.txt,0.5066,0.0171,ATTACK,False
Hydra_FTP,UAD-Hydra-FTP-4-11316.txt,0.9011,0.1154,ATTACK,False
Hydra_FTP,UAD-Hydra-FTP-4-11384.txt,0.9099,0.12,ATTACK,False
Hydra_FTP,UAD-Hydra-FTP-4-1371.txt,0.4125,0.0,ATTACK,False
Hydra_FTP,UAD-Hydra-FTP-4-1442.txt,0.9868,0.21,ATTACK,False
Hydra_FTP,UAD-Hydra-FTP-4-1613.txt,0.9996,0.3652,ATTACK,False
Hydra_FTP,UAD-Hydra-FTP-4-2311.txt,0.9889,0.2182,ATTACK,False
Hydra_FTP,UAD-Hydra-FTP-4-2462.txt,0.4125,0.0,ATTACK,False
Hydra_FTP,UAD-Hydra-FTP-4-2783.txt,0.4125,0.0,ATTACK,False
Hydra_FTP,UAD-Hydra-FTP-4-3523.txt,0.9993,0.3455,ATTACK,False
Hydra_FTP,UAD-Hydra-FTP-4-3524.txt,0.9996,0.3667,ATTACK,False
Hydra_FTP,UAD-Hydra-FTP-5-11504.txt,0.9993,0.3423,ATTACK,False
Hydra_FTP,UAD-Hydra-FTP-5-11539.txt,0.4125,0.0,ATTACK,False
Hydra_FTP,UAD-Hydra-FTP-5-11611.txt,0.888,0.1091,ATTACK,False
Hydra_FTP,UAD-Hydra-FTP-5-11642.txt,0.7879,0.075,ATTACK,False
Hydra_FTP,UAD-Hydra-FTP-5-11650.txt,0.9661,0.1667,ATTACK,False
Hydra_FTP,UAD-Hydra-FTP-5-11665.txt,0.9879,0.214,ATTACK,False
Hydra_FTP,UAD-Hydra-FTP-5-11763.txt,0.6356,0.041,ATTACK,False
Hydra_FTP,UAD-Hydra-FTP-5-11784.txt,0.9824,0.1969,ATTACK,False
Hydra_FTP,UAD-Hydra-FTP-5-11908.txt,0.5066,0.0171,ATTACK,False
Hydra_FTP,UAD-Hydra-FTP-5-1371.txt,0.4125,0.0,ATTACK,False
Hydra_FTP,UAD-Hydra-FTP-5-1442.txt,0.991,0.2276,ATTACK,False
Hydra_FTP,UAD-Hydra-FTP-5-1613.txt,0.9991,0.3333,ATTACK,False
Hydra_FTP,UAD-Hydra-FTP-5-2311.txt,0.9721,0.1757,ATTACK,False
Hydra_FTP,UAD-Hydra-FTP-5-2462.txt,0.4125,0.0,ATTACK,False
Hydra_FTP,UAD-Hydra-FTP-5-2783.txt,0.4125,0.0,ATTACK,False
Hydra_FTP,UAD-Hydra-FTP-5-3523.txt,0.9999,0.4235,ATTACK,False
Hydra_FTP,UAD-Hydra-FTP-5-3524.txt,0.9997,0.3778,ATTACK,False
Hydra_FTP,UAD-Hydra-FTP-5-961.txt,0.9998,0.4,ATTACK,False
Hydra_FTP,UAD-Hydra-FTP-611504.txt,0.9987,0.3141,ATTACK,False
Hydra_FTP,UAD-Hydra-FTP-612564.txt,0.5665,0.0279,ATTACK,False
Hydra_FTP,UAD-Hydra-FTP-612596.txt,0.4125,0.0,ATTACK,False
Hydra_FTP,UAD-Hydra-FTP-612700.txt,0.5698,0.0286,ATTACK,False
Hydra_FTP,UAD-Hydra-FTP-612865.txt,0.8662,0.1,ATTACK,False
Hydra_FTP,UAD-Hydra-FTP-612872.txt,0.9957,0.2611,ATTACK,False
Hydra_FTP,UAD-Hydra-FTP-612982.txt,0.6959,0.0532,ATTACK,False
Hydra_FTP,UAD-Hydra-FTP-613008.txt,0.9776,0.1858,ATTACK,False
Hydra_FTP,UAD-Hydra-FTP-613099.txt,0.6584,0.0454,ATTACK,False
Hydra_FTP,UAD-Hydra-FTP-61371.txt,0.4125,0.0,ATTACK,False
Hydra_FTP,UAD-Hydra-FTP-61442.txt,0.9908,0.2263,ATTACK,False
Hydra_FTP,UAD-Hydra-FTP-61613.txt,0.9986,0.3103,ATTACK,False
Hydra_FTP,UAD-Hydra-FTP-62311.txt,0.9822,0.1964,ATTACK,False
Hydra_FTP,UAD-Hydra-FTP-62462.txt,0.4125,0.0,ATTACK,False
Hydra_FTP,UAD-Hydra-FTP-62783.txt,0.4125,0.0,ATTACK,False
Hydra_FTP,UAD-Hydra-FTP-63523.txt,0.9996,0.3714,ATTACK,False
Hydra_FTP,UAD-Hydra-FTP-63524.txt,0.9996,0.3724,ATTACK,False
Hydra_FTP,UAD-Hydra-FTP-68978.txt,0.9987,0.3143,ATTACK,False
Hydra_FTP,UAD-Hydra-FTP-6961.txt,0.9974,0.2835,ATTACK,False
Hydra_FTP,UAD-Hydra-FTP-6=5738.txt,0.9999,0.4364,ATTACK,False
Hydra_FTP,UAD-Hydra-FTP-713277.txt,0.9933,0.2413,ATTACK,False
Hydra_FTP,UAD-Hydra-FTP-713288.txt,0.4125,0.0,ATTACK,False
Hydra_FTP,UAD-Hydra-FTP-713292.txt,0.9017,0.1157,ATTACK,False
Hydra_FTP,UAD-Hydra-FTP-713305.txt,0.9937,0.2434,ATTACK,False
Hydra_FTP,UAD-Hydra-FTP-713306.txt,0.9802,0.1916,ATTACK,False
Hydra_FTP,UAD-Hydra-FTP-713394.txt,0.9161,0.1235,ATTACK,False
Hydra_FTP,UAD-Hydra-FTP-71371.txt,0.4125,0.0,ATTACK,False
Hydra_FTP,UAD-Hydra-FTP-71442.txt,0.9835,0.2,ATTACK,False
Hydra_FTP,UAD-Hydra-FTP-71613.txt,0.9995,0.3556,ATTACK,False
Hydra_FTP,UAD-Hydra-FTP-72311.txt,0.991,0.2276,ATTACK,False
Hydra_FTP,UAD-Hydra-FTP-72462.txt,0.4125,0.0,ATTACK,False
Hydra_FTP,UAD-Hydra-FTP-72783.txt,0.4125,0.0,ATTACK,False
Hydra_FTP,UAD-Hydra-FTP-73523.txt,0.9999,0.4182,ATTACK,False
Hydra_FTP,UAD-Hydra-FTP-73524.txt,0.9995,0.3603,ATTACK,False
Hydra_FTP,UAD-Hydra-FTP-8-13541.txt,0.9861,0.2077,ATTACK,False
Hydra_FTP,UAD-Hydra-FTP-8-13561.txt,0.4125,0.0,ATTACK,False
Hydra_FTP,UAD-Hydra-FTP-8-13638.txt,0.9869,0.2103,ATTACK,False
Hydra_FTP,UAD-Hydra-FTP-8-1371.txt,0.4125,0.0,ATTACK,False
Hydra_FTP,UAD-Hydra-FTP-8-13849.txt,0.9417,0.1412,ATTACK,False
Hydra_FTP,UAD-Hydra-FTP-8-1442.txt,0.9939,0.2455,ATTACK,False
Hydra_FTP,UAD-Hydra-FTP-8-1613.txt,0.9992,0.3355,ATTACK,False
Hydra_FTP,UAD-Hydra-FTP-8-2311.txt,0.9887,0.2171,ATTACK,False
Hydra_FTP,UAD-Hydra-FTP-8-2462.txt,0.4125,0.0,ATTACK,False
Hydra_FTP,UAD-Hydra-FTP-8-2783.txt,0.4125,0.0,ATTACK,False
Hydra_FTP,UAD-Hydra-FTP-8-3523.txt,0.999,0.3257,ATTACK,False
Hydra_FTP,UAD-Hydra-FTP-8-3524.txt,0.9997,0.384,ATTACK,False
Hydra_FTP,UAD-Hydra-FTP-9-13541.txt,0.9993,0.3406,ATTACK,False
Hydra_FTP,UAD-Hydra-FTP-9-1371.txt,0.4125,0.0,ATTACK,False
Hydra_FTP,UAD-Hydra-FTP-9-14414.txt,0.788,0.075,ATTACK,False
Hydra_FTP,UAD-Hydra-FTP-9-1442.txt,0.987,0.2109,ATTACK,False
Hydra_FTP,UAD-Hydra-FTP-9-14423.txt,0.888,0.1091,ATTACK,False
Hydra_FTP,UAD-Hydra-FTP-9-14457.txt,0.4125,0.0,ATTACK,False
Hydra_FTP,UAD-Hydra-FTP-9-14493.txt,0.9431,0.1423,ATTACK,False
Hydra_FTP,UAD-Hydra-FTP-9-14651.txt,0.9998,0.4,ATTACK,False
Hydra_FTP,UAD-Hydra-FTP-9-14661.txt,0.9999,0.4254,ATTACK,False
Hydra_FTP,UAD-Hydra-FTP-9-14668.txt,0.888,0.1091,ATTACK,False
Hydra_FTP,UAD-Hydra-FTP-9-14700.txt,0.888,0.1091,ATTACK,False
Hydra_FTP,UAD-Hydra-FTP-9-14814.txt,0.8651,0.0995,ATTACK,False
Hydra_FTP,UAD-Hydra-FTP-9-14853.txt,0.5066,0.0171,ATTACK,False
Hydra_FTP,UAD-Hydra-FTP-9-14945.txt,0.5745,0.0294,ATTACK,False
Hydra_FTP,UAD-Hydra-FTP-9-1613.txt,0.9991,0.3333,ATTACK,False
Hydra_FTP,UAD-Hydra-FTP-9-2311.txt,0.9905,0.225,ATTACK,False
Hydra_FTP,UAD-Hydra-FTP-9-2462.txt,0.4125,0.0,ATTACK,False
Hydra_FTP,UAD-Hydra-FTP-9-2783.txt,0.4125,0.0,ATTACK,False
Hydra_FTP,UAD-Hydra-FTP-9-3523.txt,0.9994,0.3517,ATTACK,False
Hydra_FTP,UAD-Hydra-FTP-9-3524.txt,0.9996,0.3636,ATTACK,False
Hydra_FTP,UAD-Hydra-FTP-9-8978.txt,0.995,0.2538,ATTACK,False
Hydra_FTP,UAD-Hydra-FTP-9-961.txt,0.9966,0.2718,ATTACK,False
Hydra_SSH,UAD-Hydra-SSH-10-1371.txt,0.4125,0.0,ATTACK,False
Hydra_SSH,UAD-Hydra-SSH-10-1442.txt,0.9977,0.29,ATTACK,False
Hydra_SSH,UAD-Hydra-SSH-10-1613.txt,0.9995,0.3618,ATTACK,False
Hydra_SSH,UAD-Hydra-SSH-10-2311.txt,0.9987,0.3158,ATTACK,False
Hydra_SSH,UAD-Hydra-SSH-10-2462.txt,0.4125,0.0,ATTACK,False
Hydra_SSH,UAD-Hydra-SSH-10-2783.txt,0.4125,0.0,ATTACK,False
Hydra_SSH,UAD-Hydra-SSH-10-8445.txt,0.9849,0.2038,ATTACK,False
Hydra_SSH,UAD-Hydra-SSH-10-8456.txt,0.4125,0.0,ATTACK,False
Hydra_SSH,UAD-Hydra-SSH-10-8462.txt,0.6808,0.05,ATTACK,False
Hydra_SSH,UAD-Hydra-SSH-10-8480.txt,0.8801,0.1056,ATTACK,False
Hydra_SSH,UAD-Hydra-SSH-10-8498.txt,0.9942,0.2476,ATTACK,False
Hydra_SSH,UAD-Hydra-SSH-10-8501.txt,0.9789,0.1886,ATTACK,False
Hydra_SSH,UAD-Hydra-SSH-1-1371.txt,0.4125,0.0,ATTACK,False
Hydra_SSH,UAD-Hydra-SSH-1-1613.txt,0.9994,0.3517,ATTACK,False
Hydra_SSH,UAD-Hydra-SSH-1-2257.txt,0.4125,0.0,ATTACK,False
Hydra_SSH,UAD-Hydra-SSH-1-2277.txt,0.4125,0.0,ATTACK,False
Hydra_SSH,UAD-Hydra-SSH-1-2311.txt,0.9991,0.3333,ATTACK,False
Hydra_SSH,UAD-Hydra-SSH-1-2462.txt,0.4125,0.0,ATTACK,False
Hydra_SSH,UAD-Hydra-SSH-1-5941.txt,0.9994,0.3504,ATTACK,False
Hydra_SSH,UAD-Hydra-SSH-1-6011.txt,0.4125,0.0,ATTACK,False
Hydra_SSH,UAD-Hydra-SSH-2-1371.txt,0.4125,0.0,ATTACK,False
Hydra_SSH,UAD-Hydra-SSH-2-1442.txt,0.9956,0.26,ATTACK,False
Hydra_SSH,UAD-Hydra-SSH-2-1613.txt,0.9998,0.3894,ATTACK,False
Hydra_SSH,UAD-Hydra-SSH-2-2311.txt,0.9991,0.3333,ATTACK,False
Hydra_SSH,UAD-Hydra-SSH-2-2424.txt,0.8953,0.1125,ATTACK,False
Hydra_SSH,UAD-Hydra-SSH-2-2462.txt,0.4125,0.0,ATTACK,False
Hydra_SSH,UAD-Hydra-SSH-2-2783.txt,0.4125,0.0,ATTACK,False
Hydra_SSH,UAD-Hydra-SSH-2-3754.txt,0.9311,0.1331,ATTACK,False
Hydra_SSH,UAD-Hydra-SSH-2-6130.txt,0.9892,0.2191,ATTACK,False
Hydra_SSH,UAD-Hydra-SSH-2-6154.txt,0.4125,0.0,ATTACK,False
Hydra_SSH,UAD-Hydra-SSH-2-6182.txt,0.9937,0.2435,ATTACK,False
Hydra_SSH,UAD-Hydra-SSH-2-6189.txt,0.8662,0.1,ATTACK,False
Hydra_SSH,UAD-Hydra-SSH-2-6221.txt,0.9496,0.1481,ATTACK,False
Hydra_SSH,UAD-Hydra-SSH-2-6237.txt,0.9811,0.1938,ATTACK,False
Hydra_SSH,UAD-Hydra-SSH-2-6243.txt,0.9978,0.2905,ATTACK,False
Hydra_SSH,UAD-Hydra-SSH-2-6365.txt,0.9999,0.4333,ATTACK,False
Hydra_SSH,UAD-Hydra-SSH-2-6384.txt,0.9333,0.1347,ATTACK,False
Hydra_SSH,UAD-Hydra-SSH-2-6398.txt,0.5745,0.0294,ATTACK,False
Hydra_SSH,UAD-Hydra-SSH-2-6414.txt,0.9781,0.1868,ATTACK,False
Hydra_SSH,UAD-Hydra-SSH-2-6426.txt,0.9789,0.1886,ATTACK,False
Hydra_SSH,UAD-Hydra-SSH-2-6452.txt,0.9819,0.1956,ATTACK,False
Hydra_SSH,UAD-Hydra-SSH-2-6461.txt,0.9385,0.1386,ATTACK,False
Hydra_SSH,UAD-Hydra-SSH-2-6470.txt,0.7922,0.0761,ATTACK,False
Hydra_SSH,UAD-Hydra-SSH-2-961.txt,0.9709,0.1738,ATTACK,False
Hydra_SSH,UAD-Hydra-SSH-2-=5738.txt,0.9999,0.45,ATTACK,False
Hydra_SSH,UAD-Hydra-SSH-3-1371.txt,0.4125,0.0,ATTACK,False
Hydra_SSH,UAD-Hydra-SSH-3-1442.txt,0.9889,0.2182,ATTACK,False
Hydra_SSH,UAD-Hydra-SSH-3-1613.txt,0.9999,0.4329,ATTACK,False
Hydra_SSH,UAD-Hydra-SSH-3-2311.txt,0.9993,0.3445,ATTACK,False
Hydra_SSH,UAD-Hydra-SSH-3-2462.txt,0.4125,0.0,ATTACK,False
Hydra_SSH,UAD-Hydra-SSH-3-2783.txt,0.4125,0.0,ATTACK,False
Hydra_SSH,UAD-Hydra-SSH-3-6511.txt,0.9985,0.3075,ATTACK,False
Hydra_SSH,UAD-Hydra-SSH-3-6522.txt,0.4125,0.0,ATTACK,False
Hydra_SSH,UAD-Hydra-SSH-3-6525.txt,0.8913,0.1106,ATTACK,False
Hydra_SSH,UAD-Hydra-SSH-3-6548.txt,0.9732,0.1776,ATTACK,False
Hydra_SSH,UAD-Hydra-SSH-3-6579.txt,0.9735,0.1781,ATTACK,False
Hydra_SSH,UAD-Hydra-SSH-3-6582.txt,0.825,0.0857,ATTACK,False
Hydra_SSH,UAD-Hydra-SSH-3-6589.txt,0.9995,0.3549,ATTACK,False
Hydra_SSH,UAD-Hydra-SSH-3-6595.txt,0.9366,0.1371,ATTACK,False
Hydra_SSH,UAD-Hydra-SSH-3-6599.txt,0.8097,0.0811,ATTACK,False
Hydra_SSH,UAD-Hydra-SSH-3-6624.txt,0.928,0.131,ATTACK,False
Hydra_SSH,UAD-Hydra-SSH-3-6633.txt,0.9999,0.4563,ATTACK,False
Hydra_SSH,UAD-Hydra-SSH-3-6636.txt,0.9987,0.3142,ATTACK,False
Hydra_SSH,UAD-Hydra-SSH-3-6653.txt,0.9516,0.15,ATTACK,False
Hydra_SSH,UAD-Hydra-SSH-3-6661.txt,0.4993,0.0158,ATTACK,False
Hydra_SSH,UAD-Hydra-SSH-3-6667.txt,0.9987,0.316,ATTACK,False
Hydra_SSH,UAD-Hydra-SSH-3-6676.txt,0.95,0.1485,ATTACK,False
Hydra_SSH,UAD-Hydra-SSH-4-1371.txt,0.4125,0.0,ATTACK,False
Hydra_SSH,UAD-Hydra-SSH-4-1442.txt,0.9885,0.2164,ATTACK,False
Hydra_SSH,UAD-Hydra-SSH-4-1613.txt,0.9998,0.4097,ATTACK,False
Hydra_SSH,UAD-Hydra-SSH-4-2311.txt,0.9992,0.3367,ATTACK,False
Hydra_SSH,UAD-Hydra-SSH-4-2462.txt,0.4125,0.0,ATTACK,False
Hydra_SSH,UAD-Hydra-SSH-4-2783.txt,0.4125,0.0,ATTACK,False
Hydra_SSH,UAD-Hydra-SSH-4-6747.txt,0.9932,0.24,ATTACK,False
Hydra_SSH,UAD-Hydra-SSH-4-6784.txt,0.4125,0.0,ATTACK,False
Hydra_SSH,UAD-Hydra-SSH-4-6814.txt,0.981,0.1934,ATTACK,False
Hydra_SSH,UAD-Hydra-SSH-4-6839.txt,0.996,0.2643,ATTACK,False
Hydra_SSH,UAD-Hydra-SSH-4-6871.txt,0.9689,0.1707,ATTACK,False
Hydra_SSH,UAD-Hydra-SSH-4-6904.txt,0.9516,0.15,ATTACK,False
Hydra_SSH,UAD-Hydra-SSH-5-1371.txt,0.4125,0.0,ATTACK,False
Hydra_SSH,UAD-Hydra-SSH-5-1442.txt,0.9941,0.2471,ATTACK,False
Hydra_SSH,UAD-Hydra-SSH-5-1613.txt,0.9998,0.4065,ATTACK,False
Hydra_SSH,UAD-Hydra-SSH-5-2311.txt,0.9995,0.36,ATTACK,False
Hydra_SSH,UAD-Hydra-SSH-5-2424.txt,0.888,0.1091,ATTACK,False
Hydra_SSH,UAD-Hydra-SSH-5-2462.txt,0.4125,0.0,ATTACK,False
Hydra_SSH,UAD-Hydra-SSH-5-2783.txt,0.4125,0.0,ATTACK,False
Hydra_SSH,UAD-Hydra-SSH-5-6938.txt,0.9953,0.2571,ATTACK,False
Hydra_SSH,UAD-Hydra-SSH-5-6949.txt,0.4125,0.0,ATTACK,False
Hydra_SSH,UAD-Hydra-SSH-5-6988.txt,0.9946,0.2504,ATTACK,False
Hydra_SSH,UAD-Hydra-SSH-5-7033.txt,0.9991,0.3338,ATTACK,False
Hydra_SSH,UAD-Hydra-SSH-5-7045.txt,0.6228,0.0385,ATTACK,False
Hydra_SSH,UAD-Hydra-SSH-5-7061.txt,0.5598,0.0267,ATTACK,False
Hydra_SSH,UAD-Hydra-SSH-5-7077.txt,0.9998,0.4056,ATTACK,False
Hydra_SSH,UAD-Hydra-SSH-5-7098.txt,0.9993,0.3412,ATTACK,False
Hydra_SSH,UAD-Hydra-SSH-5-7145.txt,0.9548,0.1532,ATTACK,False
Hydra_SSH,UAD-Hydra-SSH-5-7157.txt,0.6619,0.0462,ATTACK,False
Hydra_SSH,UAD-Hydra-SSH-5-7253.txt,0.9936,0.2432,ATTACK,False
Hydra_SSH,UAD-Hydra-SSH-5-961.txt,0.9989,0.3217,ATTACK,False
Hydra_SSH,UAD-Hydra-SSH-5-=5738.txt,0.9999,0.4364,ATTACK,False
Hydra_SSH,UAD-Hydra-SSH-6-1371.txt,0.4125,0.0,ATTACK,False
Hydra_SSH,UAD-Hydra-SSH-6-1442.txt,0.995,0.2538,ATTACK,False
Hydra_SSH,UAD-Hydra-SSH-6-1613.txt,0.9999,0.4258,ATTACK,False
Hydra_SSH,UAD-Hydra-SSH-6-2311.txt,0.999,0.3273,ATTACK,False
Hydra_SSH,UAD-Hydra-SSH-6-2462.txt,0.4125,0.0,ATTACK,False
Hydra_SSH,UAD-Hydra-SSH-6-2783.txt,0.4125,0.0,ATTACK,False
Hydra_SSH,UAD-Hydra-SSH-6-7326.txt,0.9988,0.3198,ATTACK,False
Hydra_SSH,UAD-Hydra-SSH-6-7337.txt,0.4125,0.0,ATTACK,False
Hydra_SSH,UAD-Hydra-SSH-6-7392.txt,1.0,0.4857,ATTACK,False
Hydra_SSH,UAD-Hydra-SSH-6-7426.txt,0.8862,0.1083,ATTACK,False
Hydra_SSH,UAD-Hydra-SSH-6-7428.txt,0.995,0.2539,ATTACK,False
Hydra_SSH,UAD-Hydra-SSH-6-7434.txt,0.9896,0.2208,ATTACK,False
Hydra_SSH,UAD-Hydra-SSH-6-7448.txt,0.994,0.2456,ATTACK,False
Hydra_SSH,UAD-Hydra-SSH-6-7472.txt,1.0,0.4667,ATTACK,False
Hydra_SSH,UAD-Hydra-SSH-6-7501.txt,0.4125,0.0,ATTACK,False
Hydra_SSH,UAD-Hydra-SSH-6-7514.txt,1.0,0.4649,ATTACK,False
Hydra_SSH,UAD-Hydra-SSH-6-7524.txt,0.9983,0.3016,ATTACK,False
Hydra_SSH,UAD-Hydra-SSH-6-961.txt,0.4125,0.0,ATTACK,False
Hydra_SSH,UAD-Hydra-SSH-6-=5738.txt,0.9999,0.45,ATTACK,False
Hydra_SSH,UAD-Hydra-SSH-7-1371.txt,0.4125,0.0,ATTACK,False
Hydra_SSH,UAD-Hydra-SSH-7-1442.txt,0.9953,0.2571,ATTACK,False
Hydra_SSH,UAD-Hydra-SSH-7-1613.txt,0.9999,0.4285,ATTACK,False
Hydra_SSH,UAD-Hydra-SSH-7-2311.txt,0.9991,0.33,ATTACK,False
Hydra_SSH,UAD-Hydra-SSH-7-2462.txt,0.4125,0.0,ATTACK,False
Hydra_SSH,UAD-Hydra-SSH-7-2783.txt,0.4125,0.0,ATTACK,False
Hydra_SSH,UAD-Hydra-SSH-7-7613.txt,0.9767,0.184,ATTACK,False
Hydra_SSH,UAD-Hydra-SSH-7-7624.txt,0.4125,0.0,ATTACK,False
Hydra_SSH,UAD-Hydra-SSH-7-7684.txt,0.9905,0.2251,ATTACK,False
Hydra_SSH,UAD-Hydra-SSH-7-7686.txt,0.9986,0.3109,ATTACK,False
Hydra_SSH,UAD-Hydra-SSH-7-7723.txt,0.9998,0.3947,ATTACK,False
Hydra_SSH,UAD-Hydra-SSH-8-1371.txt,0.4125,0.0,ATTACK,False
Hydra_SSH,UAD-Hydra-SSH-8-1442.txt,0.9944,0.2491,ATTACK,False
Hydra_SSH,UAD-Hydra-SSH-8-1613.txt,0.9998,0.408,ATTACK,False
Hydra_SSH,UAD-Hydra-SSH-8-2301.txt,0.8774,0.1045,ATTACK,False
Hydra_SSH,UAD-Hydra-SSH-8-2311.txt,0.9993,0.341,ATTACK,False
Hydra_SSH,UAD-Hydra-SSH-8-2462.txt,0.4125,0.0,ATTACK,False
Hydra_SSH,UAD-Hydra-SSH-8-2783.txt,0.4125,0.0,ATTACK,False
Hydra_SSH,UAD-Hydra-SSH-8-7820.txt,0.9953,0.2571,ATTACK,False
Hydra_SSH,UAD-Hydra-SSH-8-7840.txt,0.4125,0.0,ATTACK,False
Hydra_SSH,UAD-Hydra-SSH-8-7892.txt,0.8627,0.0986,ATTACK,False
Hydra_SSH,UAD-Hydra-SSH-8-7933.txt,0.8893,0.1097,ATTACK,False
Hydra_SSH,UAD-Hydra-SSH-8-7954.txt,0.9861,0.2077,ATTACK,False
Hydra_SSH,UAD-Hydra-SSH-8-7964.txt,0.9763,0.1832,ATTACK,False
Hydra_SSH,UAD-Hydra-SSH-8-7971.txt,1.0,0.475,ATTACK,False
Hydra_SSH,UAD-Hydra-SSH-8-8012.txt,0.7105,0.0563,ATTACK,False
Hydra_SSH,UAD-Hydra-SSH-8-8017.txt,0.9099,0.12,ATTACK,False
Hydra_SSH,UAD-Hydra-SSH-8-8052.txt,0.773,0.0711,ATTACK,False
Hydra_SSH,UAD-Hydra-SSH-8-8059.txt,0.9971,0.2788,ATTACK,False
Hydra_SSH,UAD-Hydra-SSH-8-=5738.txt,0.9999,0.4432,ATTACK,False
Hydra_SSH,UAD-Hydra-SSH-9-1371.txt,0.4125,0.0,ATTACK,False
Hydra_SSH,UAD-Hydra-SSH-9-1442.txt,0.9928,0.2374,ATTACK,False
Hydra_SSH,UAD-Hydra-SSH-9-1613.txt,0.9999,0.4467,ATTACK,False
Hydra_SSH,UAD-Hydra-SSH-9-2311.txt,0.9991,0.33,ATTACK,False
Hydra_SSH,UAD-Hydra-SSH-9-2462.txt,0.4125,0.0,ATTACK,False
Hydra_SSH,UAD-Hydra-SSH-9-2783.txt,0.4125,0.0,ATTACK,False
Hydra_SSH,UAD-Hydra-SSH-9-3754.txt,0.982,0.1959,ATTACK,False
Hydra_SSH,UAD-Hydra-SSH-9-8177.txt,0.9993,0.3418,ATTACK,False
Hydra_SSH,UAD-Hydra-SSH-9-8188.txt,0.4125,0.0,ATTACK,False
Hydra_SSH,UAD-Hydra-SSH-9-8194.txt,0.9996,0.3649,ATTACK,False
Hydra_SSH,UAD-Hydra-SSH-9-8223.txt,0.727,0.06,ATTACK,False
Hydra_SSH,UAD-Hydra-SSH-9-8235.txt,0.9998,0.4,ATTACK,False
Hydra_SSH,UAD-Hydra-SSH-9-8254.txt,0.9809,0.1932,ATTACK,False
Hydra_SSH,UAD-Hydra-SSH-9-8257.txt,0.8993,0.1144,ATTACK,False
Hydra_SSH,UAD-Hydra-SSH-9-8258.txt,0.6619,0.0462,ATTACK,False
Hydra_SSH,UAD-Hydra-SSH-9-8259.txt,0.9998,0.3914,ATTACK,False
Hydra_SSH,UAD-Hydra-SSH-9-8278.txt,0.689,0.0517,ATTACK,False
Hydra_SSH,UAD-Hydra-SSH-9-8303.txt,0.9999,0.4138,ATTACK,False
Hydra_SSH,UAD-Hydra-SSH-9-8312.txt,0.9752,0.1811,ATTACK,False
Hydra_SSH,UAD-Hydra-SSH-9-8314.txt,0.8721,0.1023,ATTACK,False
Hydra_SSH,UAD-Hydra-SSH-9-8315.txt,0.8017,0.0788,ATTACK,False
Hydra_SSH,UAD-Hydra-SSH-9-8316.txt,0.9941,0.2464,ATTACK,False
Hydra_SSH,UAD-Hydra-SSH-9-8327.txt,0.995,0.2538,ATTACK,False
Hydra_SSH,UAD-Hydra-SSH-9-8334.txt,0.9944,0.2489,ATTACK,False
Hydra_SSH,UAD-Hydra-SSH-9-8346.txt,0.8578,0.0968,ATTACK,False
Hydra_SSH,UAD-Hydra-SSH-9-8347.txt,0.9998,0.408,ATTACK,False
Hydra_SSH,UAD-Hydra-SSH-9-8360.txt,0.9451,0.144,ATTACK,False
Hydra_SSH,UAD-Hydra-SSH-9-=5738.txt,0.9999,0.45,ATTACK,False
Java_Meterpreter,UAD-Java-Meterpreter-10-1371.txt,0.4125,0.0,ATTACK,False
Java_Meterpreter,UAD-Java-Meterpreter-10-1613.txt,0.9993,0.3427,ATTACK,False
Java_Meterpreter,UAD-Java-Meterpreter-10-19826.txt,0.4125,0.0,ATTACK,False
Java_Meterpreter,UAD-Java-Meterpreter-10-19833.txt,0.491,0.0143,ATTACK,False
Java_Meterpreter,UAD-Java-Meterpreter-10-19852.txt,0.6259,0.0391,ATTACK,False
Java_Meterpreter,UAD-Java-Meterpreter-10-19880.txt,0.977,0.1846,ATTACK,False
Java_Meterpreter,UAD-Java-Meterpreter-10-19887.txt,0.4125,0.0,ATTACK,False
Java_Meterpreter,UAD-Java-Meterpreter-10-2311.txt,0.9746,0.18,ATTACK,False
Java_Meterpreter,UAD-Java-Meterpreter-10-2377.txt,0.727,0.06,ATTACK,False
Java_Meterpreter,UAD-Java-Meterpreter-10-2462.txt,0.4125,0.0,ATTACK,False
Java_Meterpreter,UAD-Java-Meterpreter-10-2783.txt,0.4125,0.0,ATTACK,False
Java_Meterpreter,UAD-Java-Meterpreter-10-=1.txt,0.9999,0.4286,ATTACK,False
Java_Meterpreter,UAD-Java-Meterpreter-1-1371.txt,0.4125,0.0,ATTACK,False
Java_Meterpreter,UAD-Java-Meterpreter-1-1613.txt,0.9997,0.3857,ATTACK,False
Java_Meterpreter,UAD-Java-Meterpreter-1-19425.txt,0.6307,0.04,ATTACK,False
Java_Meterpreter,UAD-Java-Meterpreter-1-19444.txt,0.627,0.0393,ATTACK,False
Java_Meterpreter,UAD-Java-Meterpreter-1-19463.txt,0.6119,0.0364,ATTACK,False
Java_Meterpreter,UAD-Java-Meterpreter-1-19479.txt,0.4125,0.0,ATTACK,False
Java_Meterpreter,UAD-Java-Meterpreter-1-2311.txt,0.9746,0.18,ATTACK,False
Java_Meterpreter,UAD-Java-Meterpreter-1-2462.txt,0.4125,0.0,ATTACK,False
Java_Meterpreter,UAD-Java-Meterpreter-1-2783.txt,0.4125,0.0,ATTACK,False
Java_Meterpreter,UAD-Java-Meterpreter-1-961.txt,0.9998,0.4,ATTACK,False
Java_Meterpreter,UAD-Java-Meterpreter-1-=1.txt,0.9999,0.4286,ATTACK,False
Java_Meterpreter,UAD-Java-Meterpreter-2-1371.txt,0.4125,0.0,ATTACK,False
Java_Meterpreter,UAD-Java-Meterpreter-2-1613.txt,0.9995,0.36,ATTACK,False
Java_Meterpreter,UAD-Java-Meterpreter-2-19531.txt,0.4125,0.0,ATTACK,False
Java_Meterpreter,UAD-Java-Meterpreter-2-19544.txt,0.4125,0.0,ATTACK,False
Java_Meterpreter,UAD-Java-Meterpreter-2-19563.txt,0.6119,0.0364,ATTACK,False
Java_Meterpreter,UAD-Java-Meterpreter-2-19582.txt,0.6119,0.0364,ATTACK,False
Java_Meterpreter,UAD-Java-Meterpreter-2-19598.txt,0.4125,0.0,ATTACK,False
Java_Meterpreter,UAD-Java-Meterpreter-2-2311.txt,0.9876,0.2129,ATTACK,False
Java_Meterpreter,UAD-Java-Meterpreter-2-2462.txt,0.4125,0.0,ATTACK,False
Java_Meterpreter,UAD-Java-Meterpreter-2-2783.txt,0.4125,0.0,ATTACK,False
Java_Meterpreter,UAD-Java-Meterpreter-2-=1.txt,0.9999,0.4286,ATTACK,False
Java_Meterpreter,UAD-Java-Meterpreter-3-1371.txt,0.4125,0.0,ATTACK,False
Java_Meterpreter,UAD-Java-Meterpreter-3-1613.txt,0.9997,0.375,ATTACK,False
Java_Meterpreter,UAD-Java-Meterpreter-3-19676.txt,0.4125,0.0,ATTACK,False
Java_Meterpreter,UAD-Java-Meterpreter-3-19681.txt,0.4125,0.0,ATTACK,False
Java_Meterpreter,UAD-Java-Meterpreter-3-19700.txt,0.4125,0.0,ATTACK,False
Java_Meterpreter,UAD-Java-Meterpreter-3-19719.txt,0.7797,0.0728,ATTACK,False
Java_Meterpreter,UAD-Java-Meterpreter-3-19735.txt,0.4125,0.0,ATTACK,False
Java_Meterpreter,UAD-Java-Meterpreter-3-2311.txt,0.9808,0.1929,ATTACK,False
Java_Meterpreter,UAD-Java-Meterpreter-3-2462.txt,0.4125,0.0,ATTACK,False
Java_Meterpreter,UAD-Java-Meterpreter-3-2783.txt,0.4125,0.0,ATTACK,False
Java_Meterpreter,UAD-Java-Meterpreter-3-961.txt,0.9998,0.4,ATTACK,False
Java_Meterpreter,UAD-Java-Meterpreter-3-=1.txt,0.9999,0.4286,ATTACK,False
Java_Meterpreter,UAD-Java-Meterpreter-4-1371.txt,0.4125,0.0,ATTACK,False
Java_Meterpreter,UAD-Java-Meterpreter-4-1613.txt,0.9998,0.3934,ATTACK,False
Java_Meterpreter,UAD-Java-Meterpreter-4-20017.txt,0.4125,0.0,ATTACK,False
Java_Meterpreter,UAD-Java-Meterpreter-4-20024.txt,0.7711,0.0706,ATTACK,False
Java_Meterpreter,UAD-Java-Meterpreter-4-20043.txt,0.825,0.0857,ATTACK,False
Java_Meterpreter,UAD-Java-Meterpreter-4-20062.txt,0.6808,0.05,ATTACK,False
Java_Meterpreter,UAD-Java-Meterpreter-4-20078.txt,0.4125,0.0,ATTACK,False
Java_Meterpreter,UAD-Java-Meterpreter-4-2311.txt,0.9746,0.18,ATTACK,False
Java_Meterpreter,UAD-Java-Meterpreter-4-2342.txt,0.8953,0.1125,ATTACK,False
Java_Meterpreter,UAD-Java-Meterpreter-4-2377.txt,0.7497,0.0653,ATTACK,False
Java_Meterpreter,UAD-Java-Meterpreter-4-2462.txt,0.4125,0.0,ATTACK,False
Java_Meterpreter,UAD-Java-Meterpreter-4-2783.txt,0.4125,0.0,ATTACK,False
Java_Meterpreter,UAD-Java-Meterpreter-4-=1.txt,0.9999,0.4286,ATTACK,False
Java_Meterpreter,UAD-Java-Meterpreter-5-1371.txt,0.4125,0.0,ATTACK,False
Java_Meterpreter,UAD-Java-Meterpreter-5-1613.txt,0.9998,0.3934,ATTACK,False
Java_Meterpreter,UAD-Java-Meterpreter-5-20142.txt,0.4125,0.0,ATTACK,False
Java_Meterpreter,UAD-Java-Meterpreter-5-20145.txt,0.788,0.075,ATTACK,False
Java_Meterpreter,UAD-Java-Meterpreter-5-20164.txt,0.7363,0.0621,ATTACK,False
Java_Meterpreter,UAD-Java-Meterpreter-5-20183.txt,0.638,0.0414,ATTACK,False
Java_Meterpreter,UAD-Java-Meterpreter-5-20199.txt,0.4125,0.0,ATTACK,False
Java_Meterpreter,UAD-Java-Meterpreter-5-2311.txt,0.9609,0.16,ATTACK,False
Java_Meterpreter,UAD-Java-Meterpreter-5-2462.txt,0.4125,0.0,ATTACK,False
Java_Meterpreter,UAD-Java-Meterpreter-5-2783.txt,0.4125,0.0,ATTACK,False
Java_Meterpreter,UAD-Java-Meterpreter-5-961.txt,0.9968,0.2739,ATTACK,False
Java_Meterpreter,UAD-Java-Meterpreter-5-=1.txt,0.9999,0.4286,ATTACK,False
Java_Meterpreter,UAD-Java-Meterpreter-6-1371.txt,0.4125,0.0,ATTACK,False
Java_Meterpreter,UAD-Java-Meterpreter-6-1613.txt,0.9997,0.3778,ATTACK,False
Java_Meterpreter,UAD-Java-Meterpreter-6-20253.txt,0.4125,0.0,ATTACK,False
Java_Meterpreter,UAD-Java-Meterpreter-6-20256.txt,0.727,0.06,ATTACK,False
Java_Meterpreter,UAD-Java-Meterpreter-6-20275.txt,0.671,0.048,ATTACK,False
Java_Meterpreter,UAD-Java-Meterpreter-6-20294.txt,0.6378,0.0414,ATTACK,False
Java_Meterpreter,UAD-Java-Meterpreter-6-20310.txt,0.4125,0.0,ATTACK,False
Java_Meterpreter,UAD-Java-Meterpreter-6-2311.txt,0.9762,0.1831,ATTACK,False
Java_Meterpreter,UAD-Java-Meterpreter-6-2462.txt,0.4125,0.0,ATTACK,False
Java_Meterpreter,UAD-Java-Meterpreter-6-2783.txt,0.4125,0.0,ATTACK,False
Java_Meterpreter,UAD-Java-Meterpreter-6-961.txt,0.9939,0.2449,ATTACK,False
Java_Meterpreter,UAD-Java-Meterpreter-6-=1.txt,0.9999,0.4286,ATTACK,False
Java_Meterpreter,UAD-Java-Meterpreter-7-1371.txt,0.4125,0.0,ATTACK,False
Java_Meterpreter,UAD-Java-Meterpreter-7-1613.txt,0.9996,0.3724,ATTACK,False
Java_Meterpreter,UAD-Java-Meterpreter-7-20347.txt,0.9953,0.2571,ATTACK,False
Java_Meterpreter,UAD-Java-Meterpreter-7-20371.txt,0.6453,0.0429,ATTACK,False
Java_Meterpreter,UAD-Java-Meterpreter-7-20390.txt,0.6453,0.0429,ATTACK,False
Java_Meterpreter,UAD-Java-Meterpreter-7-20409.txt,0.6453,0.0429,ATTACK,False
Java_Meterpreter,UAD-Java-Meterpreter-7-20425.txt,0.4125,0.0,ATTACK,False
Java_Meterpreter,UAD-Java-Meterpreter-7-20435.txt,0.5628,0.0273,ATTACK,False
Java_Meterpreter,UAD-Java-Meterpreter-7-20447.txt,0.9561,0.1546,ATTACK,False
Java_Meterpreter,UAD-Java-Meterpreter-7-2311.txt,0.957,0.1556,ATTACK,False
Java_Meterpreter,UAD-Java-Meterpreter-7-2462.txt,0.4125,0.0,ATTACK,False
Java_Meterpreter,UAD-Java-Meterpreter-7-2783.txt,0.4125,0.0,ATTACK,False
Java_Meterpreter,UAD-Java-Meterpreter-7-=1.txt,0.9999,0.4286,ATTACK,False
Java_Meterpreter,UAD-Java-Meterpreter-8-1371.txt,0.4125,0.0,ATTACK,False
Java_Meterpreter,UAD-Java-Meterpreter-8-1533.txt,0.9439,0.143,ATTACK,False
Java_Meterpreter,UAD-Java-Meterpreter-8-1613.txt,0.9997,0.375,ATTACK,False
Java_Meterpreter,UAD-Java-Meterpreter-8-20507.txt,0.4125,0.0,ATTACK,False
Java_Meterpreter,UAD-Java-Meterpreter-8-20529.txt,0.4125,0.0,ATTACK,False
Java_Meterpreter,UAD-Java-Meterpreter-8-20548.txt,0.7227,0.059,ATTACK,False
Java_Meterpreter,UAD-Java-Meterpreter-8-20567.txt,0.638,0.0414,ATTACK,False
Java_Meterpreter,UAD-Java-Meterpreter-8-20583.txt,0.4125,0.0,ATTACK,False
Java_Meterpreter,UAD-Java-Meterpreter-8-2311.txt,0.9694,0.1714,ATTACK,False
Java_Meterpreter,UAD-Java-Meterpreter-8-2377.txt,0.7711,0.0706,ATTACK,False
Java_Meterpreter,UAD-Java-Meterpreter-8-2462.txt,0.4125,0.0,ATTACK,False
Java_Meterpreter,UAD-Java-Meterpreter-8-2783.txt,0.4125,0.0,ATTACK,False
Java_Meterpreter,UAD-Java-Meterpreter-8-=1.txt,0.9999,0.4364,ATTACK,False
Java_Meterpreter,UAD-Java-Meterpreter-9-1371.txt,0.4125,0.0,ATTACK,False
Java_Meterpreter,UAD-Java-Meterpreter-9-1613.txt,0.9996,0.3636,ATTACK,False
Java_Meterpreter,UAD-Java-Meterpreter-9-20674.txt,0.4125,0.0,ATTACK,False
Java_Meterpreter,UAD-Java-Meterpreter-9-20693.txt,0.5628,0.0273,ATTACK,False
Java_Meterpreter,UAD-Java-Meterpreter-9-20712.txt,0.5563,0.0261,ATTACK,False
Java_Meterpreter,UAD-Java-Meterpreter-9-20720.txt,0.4125,0.0,ATTACK,False
Java_Meterpreter,UAD-Java-Meterpreter-9-20721.txt,0.8799,0.1056,ATTACK,False
Java_Meterpreter,UAD-Java-Meterpreter-9-20728.txt,0.4125,0.0,ATTACK,False
Java_Meterpreter,UAD-Java-Meterpreter-9-20730.txt,0.4125,0.0,ATTACK,False
Java_Meterpreter,UAD-Java-Meterpreter-9-20748.txt,0.9997,0.375,ATTACK,False
Java_Meterpreter,UAD-Java-Meterpreter-9-2311.txt,0.9714,0.1746,ATTACK,False
Java_Meterpreter,UAD-Java-Meterpreter-9-2462.txt,0.4125,0.0,ATTACK,False
Java_Meterpreter,UAD-Java-Meterpreter-9-2783.txt,0.4125,0.0,ATTACK,False
Java_Meterpreter,UAD-Java-Meterpreter-9-961.txt,0.9982,0.3006,ATTACK,False
Java_Meterpreter,UAD-Java-Meterpreter-9-=1.txt,0.9999,0.4286,ATTACK,False
Meterpreter,UAD-Meterpreter-10-1371.txt,0.4125,0.0,ATTACK,True
Meterpreter,UAD-Meterpreter-10-1533.txt,0.8059,0.08,ATTACK,True
Meterpreter,UAD-Meterpreter-10-1613.txt,0.9997,0.3857,ATTACK,True
Meterpreter,UAD-Meterpreter-10-17465.txt,0.4125,0.0,ATTACK,True
Meterpreter,UAD-Meterpreter-10-2293.txt,0.4654,0.0097,ATTACK,True
Meterpreter,UAD-Meterpreter-10-2311.txt,0.9774,0.1854,ATTACK,True
Meterpreter,UAD-Meterpreter-10-2462.txt,0.4125,0.0,ATTACK,True
Meterpreter,UAD-Meterpreter-10-961.txt,0.9996,0.369,ATTACK,True
Meterpreter,UAD-Meterpreter-1-1371.txt,0.4125,0.0,ATTACK,True
Meterpreter,UAD-Meterpreter-1-1613.txt,0.9998,0.3937,ATTACK,True
Meterpreter,UAD-Meterpreter-1-16391.txt,0.4125,0.0,ATTACK,True
Meterpreter,UAD-Meterpreter-1-2293.txt,0.7591,0.0676,ATTACK,True
Meterpreter,UAD-Meterpreter-1-2311.txt,0.9753,0.1813,ATTACK,True
Meterpreter,UAD-Meterpreter-1-2462.txt,0.4125,0.0,ATTACK,True
Meterpreter,UAD-Meterpreter-1-2783.txt,0.4125,0.0,ATTACK,True
Meterpreter,UAD-Meterpreter-2-1371.txt,0.4125,0.0,ATTACK,True
Meterpreter,UAD-Meterpreter-2-1533.txt,0.7794,0.0727,ATTACK,True
Meterpreter,UAD-Meterpreter-2-1613.txt,0.9997,0.38,ATTACK,True
Meterpreter,UAD-Meterpreter-2-16493.txt,0.4125,0.0,ATTACK,True
Meterpreter,UAD-Meterpreter-2-16513.txt,0.9738,0.1786,ATTACK,True
Meterpreter,UAD-Meterpreter-2-16592.txt,0.4125,0.0,ATTACK,True
Meterpreter,UAD-Meterpreter-2-2293.txt,0.5769,0.0299,ATTACK,True
Meterpreter,UAD-Meterpreter-2-2311.txt,0.9871,0.211,ATTACK,True
Meterpreter,UAD-Meterpreter-2-2462.txt,0.4125,0.0,ATTACK,True
Meterpreter,UAD-Meterpreter-2-2783.txt,0.4125,0.0,ATTACK,True
Meterpreter,UAD-Meterpreter-3-1371.txt,0.4125,0.0,ATTACK,True
Meterpreter,UAD-Meterpreter-3-1613.txt,0.9998,0.4103,ATTACK,True
Meterpreter,UAD-Meterpreter-3-16644.txt,0.4125,0.0,ATTACK,True
Meterpreter,UAD-Meterpreter-3-2293.txt,0.8452,0.0923,ATTACK,True
Meterpreter,UAD-Meterpreter-3-2301.txt,0.4125,0.0,ATTACK,True
Meterpreter,UAD-Meterpreter-3-2311.txt,0.9861,0.2077,ATTACK,True
Meterpreter,UAD-Meterpreter-3-2462.txt,0.4125,0.0,ATTACK,True
Meterpreter,UAD-Meterpreter-3-=16719.txt,0.9911,0.2281,ATTACK,True
Meterpreter,UAD-Meterpreter-4-1371.txt,0.4125,0.0,ATTACK,True
Meterpreter,UAD-Meterpreter-4-1613.txt,0.9999,0.42,ATTACK,True
Meterpreter,UAD-Meterpreter-4-16801.txt,0.4125,0.0,ATTACK,True
Meterpreter,UAD-Meterpreter-4-2293.txt,0.5306,0.0214,ATTACK,True
Meterpreter,UAD-Meterpreter-4-2311.txt,0.977,0.1846,ATTACK,True
Meterpreter,UAD-Meterpreter-4-2462.txt,0.4125,0.0,ATTACK,True
Meterpreter,UAD-Meterpreter-5-1371.txt,0.4125,0.0,ATTACK,True
Meterpreter,UAD-Meterpreter-5-1613.txt,0.9999,0.42,ATTACK,True
Meterpreter,UAD-Meterpreter-5-16878.txt,0.4125,0.0,ATTACK,True
Meterpreter,UAD-Meterpreter-5-2311.txt,0.981,0.1935,ATTACK,True
Meterpreter,UAD-Meterpreter-5-2462.txt,0.4125,0.0,ATTACK,True
Meterpreter,UAD-Meterpreter-6-1371.txt,0.4125,0.0,ATTACK,True
Meterpreter,UAD-Meterpreter-6-1533.txt,0.825,0.0857,ATTACK,True
Meterpreter,UAD-Meterpreter-6-1613.txt,0.9996,0.3662,ATTACK,True
Meterpreter,UAD-Meterpreter-6-16991.txt,0.4125,0.0,ATTACK,True
Meterpreter,UAD-Meterpreter-6-17027.txt,0.4125,0.0,ATTACK,True
Meterpreter,UAD-Meterpreter-6-17041.txt,0.4125,0.0,ATTACK,True
Meterpreter,UAD-Meterpreter-6-17044.txt,0.4125,0.0,ATTACK,True
Meterpreter,UAD-Meterpreter-6-17082.txt,0.4125,0.0,ATTACK,True
Meterpreter,UAD-Meterpreter-6-2293.txt,0.4654,0.0097,ATTACK,True
Meterpreter,UAD-Meterpreter-6-2311.txt,0.9795,0.1899,ATTACK,True
Meterpreter,UAD-Meterpreter-6-2462.txt,0.4125,0.0,ATTACK,True
Meterpreter,UAD-Meterpreter-6-2783.txt,0.4125,0.0,ATTACK,True
Meterpreter,UAD-Meterpreter-6-961.txt,0.9332,0.1346,ATTACK,True
Meterpreter,UAD-Meterpreter-7-1371.txt,0.4125,0.0,ATTACK,True
Meterpreter,UAD-Meterpreter-7-1613.txt,0.9997,0.3751,ATTACK,True
Meterpreter,UAD-Meterpreter-7-17144.txt,0.4125,0.0,ATTACK,True
Meterpreter,UAD-Meterpreter-7-2293.txt,0.6577,0.0453,ATTACK,True
Meterpreter,UAD-Meterpreter-7-2311.txt,0.9661,0.1667,ATTACK,True
Meterpreter,UAD-Meterpreter-7-2462.txt,0.4125,0.0,ATTACK,True
Meterpreter,UAD-Meterpreter-8-1371.txt,0.4125,0.0,ATTACK,True
Meterpreter,UAD-Meterpreter-8-1613.txt,0.9998,0.394,ATTACK,True
Meterpreter,UAD-Meterpreter-8-17243.txt,0.4125,0.0,ATTACK,True
Meterpreter,UAD-Meterpreter-8-2293.txt,0.8122,0.0818,ATTACK,True
Meterpreter,UAD-Meterpreter-8-2311.txt,0.9858,0.2069,ATTACK,True
Meterpreter,UAD-Meterpreter-8-2462.txt,0.4125,0.0,ATTACK,True
Meterpreter,UAD-Meterpreter-8-2783.txt,0.4125,0.0,ATTACK,True
Meterpreter,UAD-Meterpreter-9-1371.txt,0.4125,0.0,ATTACK,True
Meterpreter,UAD-Meterpreter-9-1613.txt,0.9996,0.3724,ATTACK,True
Meterpreter,UAD-Meterpreter-9-17366.txt,0.4125,0.0,ATTACK,True
Meterpreter,UAD-Meterpreter-9-2311.txt,0.9516,0.15,ATTACK,True
Meterpreter,UAD-Meterpreter-9-2462.txt,0.4125,0.0,ATTACK,True
Web_Shell,UAD-WS10-1083.txt,0.4125,0.0,ATTACK,True
Web_Shell,UAD-WS10-1086.txt,0.999,0.3273,ATTACK,True
Web_Shell,UAD-WS10-1371.txt,0.4125,0.0,ATTACK,True
Web_Shell,UAD-WS10-1613.txt,0.9993,0.3462,ATTACK,True
Web_Shell,UAD-WS10-2301.txt,0.9875,0.2125,ATTACK,True
Web_Shell,UAD-WS10-2311.txt,0.9808,0.1929,ATTACK,True
Web_Shell,UAD-WS10-2424.txt,0.946,0.1448,ATTACK,True
Web_Shell,UAD-WS10-2487.txt,0.4125,0.0,ATTACK,True
Web_Shell,UAD-WS10-2783.txt,0.4125,0.0,ATTACK,True
Web_Shell,UAD-WS10-3754.txt,0.8736,0.1029,ATTACK,True
Web_Shell,UAD-WS10-3766.txt,0.9898,0.2218,ATTACK,True
Web_Shell,UAD-WS10-4548.txt,0.4125,0.0,ATTACK,True
Web_Shell,UAD-WS10-4953.txt,0.9998,0.3986,ATTACK,True
Web_Shell,UAD-WS10-5314.txt,0.7023,0.0545,ATTACK,True
Web_Shell,UAD-WS10-5657.txt,0.9621,0.1615,ATTACK,True
Web_Shell,UAD-WS10-961.txt,0.9998,0.4,ATTACK,True
Web_Shell,UAD-WS1-1371.txt,0.4125,0.0,ATTACK,True
Web_Shell,UAD-WS1-1613.txt,0.9996,0.3643,ATTACK,True
Web_Shell,UAD-WS1-2311.txt,0.9794,0.1898,ATTACK,True
Web_Shell,UAD-WS1-2462.txt,0.4125,0.0,ATTACK,True
Web_Shell,UAD-WS1-2783.txt,0.4125,0.0,ATTACK,True
Web_Shell,UAD-WS1-4555.txt,0.9784,0.1875,ATTACK,True
Web_Shell,UAD-WS1-4557.txt,0.9609,0.16,ATTACK,True
Web_Shell,UAD-WS1-4563.txt,0.985,0.2043,ATTACK,True
Web_Shell,UAD-WS1-4564.txt,0.9886,0.2167,ATTACK,True
Web_Shell,UAD-WS1-4566.txt,0.9894,0.22,ATTACK,True
Web_Shell,UAD-WS1-4568.txt,0.9793,0.1895,ATTACK,True
Web_Shell,UAD-WS1-4569.txt,0.9716,0.175,ATTACK,True
Web_Shell,UAD-WS1-4605.txt,0.997,0.2772,ATTACK,True
Web_Shell,UAD-WS1-961.txt,0.998,0.2961,ATTACK,True
Web_Shell,UAD-WS2-1371.txt,0.4125,0.0,ATTACK,True
Web_Shell,UAD-WS2-1613.txt,0.9992,0.3356,ATTACK,True
Web_Shell,UAD-WS2-2311.txt,0.9356,0.1364,ATTACK,True
Web_Shell,UAD-WS2-2462.txt,0.4125,0.0,ATTACK,True
Web_Shell,UAD-WS2-2783.txt,0.4125,0.0,ATTACK,True
Web_Shell,UAD-WS2-4568.txt,1.0,0.4797,ATTACK,True
Web_Shell,UAD-WS2-4569.txt,0.4125,0.0,ATTACK,True
Web_Shell,UAD-WS2-4605.txt,0.9994,0.3485,ATTACK,True
Web_Shell,UAD-WS2-4609.txt,0.9674,0.1685,ATTACK,True
Web_Shell,UAD-WS2-4620.txt,0.9923,0.2348,ATTACK,True
Web_Shell,UAD-WS2-4731.txt,0.9594,0.1583,ATTACK,True
Web_Shell,UAD-WS2-4767.txt,0.4125,0.0,ATTACK,True
Web_Shell,UAD-WS2-961.txt,0.9921,0.2337,ATTACK,True
Web_Shell,UAD-WS3-1371.txt,0.4125,0.0,ATTACK,True
Web_Shell,UAD-WS3-1613.txt,0.9994,0.3517,ATTACK,True
Web_Shell,UAD-WS3-2311.txt,0.976,0.1826,ATTACK,True
Web_Shell,UAD-WS3-2462.txt,0.4125,0.0,ATTACK,True
Web_Shell,UAD-WS3-2783.txt,0.4125,0.0,ATTACK,True
Web_Shell,UAD-WS3-4810.txt,0.9243,0.1286,ATTACK,True
Web_Shell,UAD-WS3-961.txt,0.9981,0.2969,ATTACK,True
Web_Shell,UAD-WS4-1371.txt,0.4125,0.0,ATTACK,True
Web_Shell,UAD-WS4-1613.txt,0.9996,0.3643,ATTACK,True
Web_Shell,UAD-WS4-2311.txt,0.9778,0.1862,ATTACK,True
Web_Shell,UAD-WS4-2462.txt,0.4125,0.0,ATTACK,True
Web_Shell,UAD-WS4-2783.txt,0.4125,0.0,ATTACK,True
Web_Shell,UAD-WS4-4609.txt,0.9815,0.1946,ATTACK,True
Web_Shell,UAD-WS4-4753.txt,0.9464,0.1452,ATTACK,True
Web_Shell,UAD-WS4-4872.txt,0.861,0.098,ATTACK,True
Web_Shell,UAD-WS4-4883.txt,0.4125,0.0,ATTACK,True
Web_Shell,UAD-WS4-961.txt,0.9997,0.3758,ATTACK,True
Web_Shell,UAD-WS5-1371.txt,0.4125,0.0,ATTACK,True
Web_Shell,UAD-WS5-1613.txt,0.999,0.3273,ATTACK,True
Web_Shell,UAD-WS5-2311.txt,0.9451,0.144,ATTACK,True
Web_Shell,UAD-WS5-2377.txt,0.788,0.075,ATTACK,True
Web_Shell,UAD-WS5-2462.txt,0.4125,0.0,ATTACK,True
Web_Shell,UAD-WS5-2783.txt,0.4125,0.0,ATTACK,True
Web_Shell,UAD-WS5-5029.txt,0.9898,0.2217,ATTACK,True
Web_Shell,UAD-WS5-5047.txt,0.8091,0.0809,ATTACK,True
Web_Shell,UAD-WS5-961.txt,0.999,0.3271,ATTACK,True
Web_Shell,UAD-WS6-1371.txt,0.4125,0.0,ATTACK,True
Web_Shell,UAD-WS6-1613.txt,0.9991,0.3333,ATTACK,True
Web_Shell,UAD-WS6-2311.txt,0.9716,0.175,ATTACK,True
Web_Shell,UAD-WS6-2462.txt,0.4125,0.0,ATTACK,True
Web_Shell,UAD-WS6-2783.txt,0.4125,0.0,ATTACK,True
Web_Shell,UAD-WS6-4750.txt,0.8976,0.1136,ATTACK,True
Web_Shell,UAD-WS6-4953.txt,0.6177,0.0375,ATTACK,True
Web_Shell,UAD-WS6-5153.txt,0.9314,0.1333,ATTACK,True
Web_Shell,UAD-WS6-5164.txt,0.4125,0.0,ATTACK,True
Web_Shell,UAD-WS6-5189.txt,0.4125,0.0,ATTACK,True
Web_Shell,UAD-WS6-961.txt,0.9994,0.3491,ATTACK,True
Web_Shell,UAD-WS7-1371.txt,0.4125,0.0,ATTACK,True
Web_Shell,UAD-WS7-1613.txt,0.9988,0.3176,ATTACK,True
Web_Shell,UAD-WS7-2311.txt,0.986,0.2073,ATTACK,True
Web_Shell,UAD-WS7-2462.txt,0.4125,0.0,ATTACK,True
Web_Shell,UAD-WS7-2783.txt,0.4125,0.0,ATTACK,True
Web_Shell,UAD-WS7-3754.txt,0.8301,0.0873,ATTACK,True
Web_Shell,UAD-WS7-4548.txt,0.4125,0.0,ATTACK,True
Web_Shell,UAD-WS7-4568.txt,0.9956,0.26,ATTACK,True
Web_Shell,UAD-WS7-4751.txt,0.9962,0.2667,ATTACK,True
Web_Shell,UAD-WS7-5251.txt,0.888,0.1091,ATTACK,True
Web_Shell,UAD-WS7-5262.txt,0.4125,0.0,ATTACK,True
Web_Shell,UAD-WS7-5314.txt,0.9743,0.1795,ATTACK,True
Web_Shell,UAD-WS7-5317.txt,0.4125,0.0,ATTACK,True
Web_Shell,UAD-WS7-961.txt,0.9998,0.3959,ATTACK,True
Web_Shell,UAD-WS8-1086.txt,0.9953,0.2571,ATTACK,True
Web_Shell,UAD-WS8-1371.txt,0.4125,0.0,ATTACK,True
Web_Shell,UAD-WS8-1613.txt,0.9996,0.3675,ATTACK,True
Web_Shell,UAD-WS8-2311.txt,0.9808,0.1929,ATTACK,True
Web_Shell,UAD-WS8-2424.txt,0.9591,0.1579,ATTACK,True
Web_Shell,UAD-WS8-2462.txt,0.4125,0.0,ATTACK,True
Web_Shell,UAD-WS8-2487.txt,0.4125,0.0,ATTACK,True
Web_Shell,UAD-WS8-2783.txt,0.4125,0.0,ATTACK,True
Web_Shell,UAD-WS8-3754.txt,0.7924,0.0762,ATTACK,True
Web_Shell,UAD-WS8-4548.txt,0.4125,0.0,ATTACK,True
Web_Shell,UAD-WS8-5426.txt,0.9591,0.1579,ATTACK,True
Web_Shell,UAD-WS8-5437.txt,0.4125,0.0,ATTACK,True
Web_Shell,UAD-WS8-961.txt,0.9986,0.313,ATTACK,True
Web_Shell,UAD-WS9-1371.txt,0.4125,0.0,ATTACK,True
Web_Shell,UAD-WS9-1613.txt,0.9992,0.3391,ATTACK,True
Web_Shell,UAD-WS9-2311.txt,0.9864,0.2088,ATTACK,True
Web_Shell,UAD-WS9-2462.txt,0.4125,0.0,ATTACK,True
Web_Shell,UAD-WS9-2783.txt,0.4125,0.0,ATTACK,True
Web_Shell,UAD-WS9-4569.txt,0.4125,0.0,ATTACK,True
Web_Shell,UAD-WS9-4955.txt,0.9957,0.2605,ATTACK,True
Web_Shell,UAD-WS9-5314.txt,0.9953,0.2572,ATTACK,True
Web_Shell,UAD-WS9-5318.txt,0.9867,0.2097,ATTACK,True
Web_Shell,UAD-WS9-5539.txt,0.4125,0.0,ATTACK,True
Web_Shell,UAD-WS9-961.txt,0.9998,0.4,ATTACK,True
